{"cameraMode":{"drawMode":0,"name":"Shaded","section":"Shading Mode"},"sceneLighting":false,"audioPlay":false,"sceneViewState":{"showFog":true,"showMaterialUpdate":false,"showSkybox":true,"showFlares":true,"showImageEffects":true,"showParticleSystems":true},"in2DMode":false,"pivot":{"x":-400.841552734375,"y":2851.0087890625,"z":216.94442749023438},"rotation":{"x":0.07201395183801651,"y":-0.68003249168396,"z":0.06742999702692032,"w":0.7265143394470215},"size":1743.4476318359375,"orthographic":true}