{"cameraMode":{"drawMode":0,"name":"Shaded","section":"Shading Mode"},"sceneLighting":true,"audioPlay":false,"sceneViewState":{"showFog":true,"showMaterialUpdate":false,"showSkybox":true,"showFlares":true,"showImageEffects":true,"showParticleSystems":true},"in2DMode":false,"pivot":{"x":1244.7476806640625,"y":232.55252075195313,"z":-42.848426818847659},"rotation":{"x":-0.0817909985780716,"y":0.574022114276886,"z":-0.057790979743003848,"w":-0.8126925230026245},"size":14274.8916015625,"orthographic":true}