{"cameraMode":{"drawMode":0,"name":"Shaded","section":"Shading Mode"},"sceneLighting":false,"audioPlay":false,"sceneViewState":{"showFog":true,"showMaterialUpdate":false,"showSkybox":true,"showFlares":true,"showImageEffects":true,"showParticleSystems":true},"in2DMode":false,"pivot":{"x":-38.553077697753909,"y":483.83624267578127,"z":2300.29736328125},"rotation":{"x":-0.4061565101146698,"y":0.030973142012953759,"z":-0.013779419474303723,"w":-0.913174569606781},"size":2202.427001953125,"orthographic":true}