{"cameraMode":{"drawMode":0,"name":"Shaded","section":"Shading Mode"},"sceneLighting":false,"audioPlay":false,"sceneViewState":{"showFog":true,"showMaterialUpdate":false,"showSkybox":true,"showFlares":true,"showImageEffects":true,"showParticleSystems":true},"in2DMode":false,"pivot":{"x":-295.4322509765625,"y":3332.861083984375,"z":-34.01832962036133},"rotation":{"x":0.06343730539083481,"y":-0.9361939430236816,"z":0.2575892508029938,"w":0.2305740863084793},"size":423.17120361328127,"orthographic":true}