{"cameraMode":{"drawMode":0,"name":"Shaded","section":"Shading Mode"},"sceneLighting":false,"audioPlay":false,"sceneViewState":{"showFog":true,"showMaterialUpdate":false,"showSkybox":true,"showFlares":true,"showImageEffects":true,"showParticleSystems":true},"in2DMode":false,"pivot":{"x":5160.0791015625,"y":23.1728515625,"z":1412.72265625},"rotation":{"x":0.27530503273010256,"y":-0.024509800598025323,"z":0.007024514023214579,"w":0.9610187411308289},"size":30449.421875,"orthographic":true}