{"cameraMode":{"drawMode":0,"name":"Shaded","section":"Shading Mode"},"sceneLighting":true,"audioPlay":false,"sceneViewState":{"showFog":true,"showMaterialUpdate":false,"showSkybox":true,"showFlares":true,"showImageEffects":true,"showParticleSystems":true},"in2DMode":false,"pivot":{"x":-400.841552734375,"y":2851.0087890625,"z":216.94442749023438},"rotation":{"x":0.30213719606399538,"y":-0.34067726135253909,"z":0.11663670092821121,"w":0.8826369643211365},"size":2519.892333984375,"orthographic":true}